<?xml version="1.0" encoding="utf-8"?>
<layer-list
    xmlns:android="http://schemas.android.com/apk/res/android">
    <item android:id="@android:id/background"
        android:drawable="@drawable/seek_bkg"/>
    <item android:id="@android:id/secondaryProgress">
        <clip>
            <shape>
                <corners android:radius="1.0dip"/>
            </shape>
        </clip>
    </item>
    <item android:id="@android:id/progress">
        <clip android:drawable="@drawable/seek_bkg"/>
    </item>
</layer-list>