<?xml version="1.0" encoding="utf-8"?>
<selector xmlns:android="http://schemas.android.com/apk/res/android">

    <item android:state_selected="true">
        <shape>
            <corners android:radius="5dp"/>
            <padding android:bottom="2dp"
                     android:left="10dp"
                     android:right="10dp"
                     android:top="2dp"/>
            <solid android:color="#ffece6"/>
        </shape>
    </item>

    <item android:state_selected="false">
        <shape>
            <corners android:radius="5dp"/>
            <padding android:bottom="2dp"
                     android:left="10dp"
                     android:right="10dp"
                     android:top="2dp"/>
            <solid android:color="#f3f9e8"/>
        </shape>
    </item>

</selector>