<?xml version="1.0" encoding="utf-8"?>
<selector xmlns:android="http://schemas.android.com/apk/res/android">
    <item android:state_selected="true">
        <shape android:shape="oval">
            <solid android:color="@color/color_e50113"/>
            <size android:width="@dimen/dp_10"
                  android:height="@dimen/dp_10"/>

        </shape>
    </item>
    <item>
        <shape android:shape="oval">
            <solid android:color="@color/color_00a077"/>
            <size android:width="@dimen/dp_10"
                  android:height="@dimen/dp_10"/>

        </shape>
    </item>
</selector>